cluster,BALANCE,BALANCE_FREQUENCY,PURCHASES,ONEOFF_PURCHASES,INSTALLMENTS_PURCHASES,CASH_ADVANCE,PURCHASES_FREQUENCY,ONEOFF_PURCHASES_FREQUENCY,PURCHASES_INSTALLMENTS_FREQUENCY,CASH_ADVANCE_FREQUENCY,CASH_ADVANCE_TRX,PURCHASES_TRX,CREDIT_LIMIT,PAYMENTS,MINIMUM_PAYMENTS,PRC_FULL_PAYMENT,TENURE
0,213.57560159617833,0.5290115095541401,351.391923566879,271.26235031847136,80.50011464968152,113.63040315222929,0.253524172611465,0.1137974898089172,0.13393215031847133,0.021074876433121018,0.3611464968152866,3.927388535031847,3561.1698513796177,742.5529059178344,189.7468905,0.16209029171974523,11.334394904458598
1,2460.811225681522,0.9398720818840579,103.31631521739132,79.45792391304347,23.90247463768116,2220.0589075619564,0.07420314202898551,0.042242282608695655,0.029560326811594203,0.3032866891304348,7.368115942028986,1.2072463768115942,4364.174352218116,1818.290715888768,1123.0968684630434,0.030979770652173912,11.391666666666667
2,2243.725832768217,0.9784867519379845,2604.1532674418604,1751.8043527131786,852.4129263565892,862.9245175794574,0.8240886155038759,0.5546657624031008,0.5470563391472869,0.11407886472868216,2.8651162790697673,35.46860465116279,6393.23263644186,2933.028379115504,1090.31012316938,0.1705866069767442,11.81279069767442
3,532.3943047990197,0.9325892931372549,697.6124901960784,67.38896078431372,631.1147352941176,112.15141342696079,0.8135564495098039,0.04201364803921569,0.7639455264705882,0.02208740392156863,0.38333333333333336,15.022549019607844,2986.828456129902,862.8106957647059,662.3850335686275,0.29198369264705887,11.454411764705883
