algorithm,params,n_clusters,silhouette,davies_bouldin,calinski_harabasz,n_noise,bic
KMeans,k=4,4,0.2165788742858726,1.6876036943106298,2260.3704123558146,,
Agglomerative,"n=2, linkage=ward",2,0.21538464493444834,1.521804180006872,2251.225901824513,,
DBSCAN,"eps=2.21, min_samples=5",2,0.063370785077003,1.2508566412913005,3.174072676388552,153.0,
GMM,"n=2, cov=full",2,0.21051074810733553,1.826209540698101,2381.5465212608074,,66352.47332568798
